[{"model": "admin.logentry", "pk": 1, "fields": {"action_time": "2023-12-16T19:21:13.423Z", "user": 1, "content_type": 10, "object_id": "1", "object_repr": "Lamboghini ( #1 ) -- $30", "action_flag": 1, "change_message": "[{\"added\": {}}]"}}, {"model": "admin.logentry", "pk": 2, "fields": {"action_time": "2023-12-16T19:21:44.219Z", "user": 1, "content_type": 10, "object_id": "1", "object_repr": "Lamboghini ( #1 ) -- $300000.00", "action_flag": 2, "change_message": "[{\"changed\": {\"fields\": [\"Price\"]}}]"}}, {"model": "admin.logentry", "pk": 3, "fields": {"action_time": "2023-12-16T19:38:05.638Z", "user": 1, "content_type": 10, "object_id": "2", "object_repr": "Random product ( #2 ) -- $50", "action_flag": 1, "change_message": "[{\"added\": {}}]"}}, {"model": "admin.logentry", "pk": 4, "fields": {"action_time": "2023-12-16T20:01:27.940Z", "user": 1, "content_type": 10, "object_id": "3", "object_repr": "Another random product ( #3 ) -- $50", "action_flag": 1, "change_message": "[{\"added\": {}}]"}}, {"model": "admin.logentry", "pk": 5, "fields": {"action_time": "2023-12-16T20:02:29.446Z", "user": 1, "content_type": 10, "object_id": "4", "object_repr": "Test product ( #4 ) -- $50", "action_flag": 1, "change_message": "[{\"added\": {}}]"}}, {"model": "admin.logentry", "pk": 6, "fields": {"action_time": "2023-12-16T20:04:31.639Z", "user": 1, "content_type": 10, "object_id": "5", "object_repr": "Last Test Product ( #5 ) -- $56", "action_flag": 1, "change_message": "[{\"added\": {}}]"}}, {"model": "admin.logentry", "pk": 7, "fields": {"action_time": "2023-12-16T20:48:24.967Z", "user": 1, "content_type": 6, "object_id": "1", "object_repr": "Patrice Chaula", "action_flag": 2, "change_message": "[{\"changed\": {\"fields\": [\"First name\", \"Last name\", \"Phone\", \"Type\", \"House number\", \"Street\", \"Suburb\", \"City\", \"Province\"]}}]"}}, {"model": "admin.logentry", "pk": 8, "fields": {"action_time": "2023-12-16T23:00:31.591Z", "user": 1, "content_type": 6, "object_id": "1", "object_repr": "Patrice Chaula", "action_flag": 2, "change_message": "[{\"changed\": {\"fields\": [\"Lat\", \"Lng\"]}}]"}}, {"model": "admin.logentry", "pk": 9, "fields": {"action_time": "2023-12-17T08:22:13.190Z", "user": 1, "content_type": 6, "object_id": "1", "object_repr": "Patrice Chaula", "action_flag": 2, "change_message": "[{\"changed\": {\"fields\": [\"Lat\", \"Lng\"]}}]"}}, {"model": "admin.logentry", "pk": 10, "fields": {"action_time": "2023-12-17T08:55:00.502Z", "user": 1, "content_type": 10, "object_id": "5", "object_repr": "Last Test Product ( #5 ) -- $56.00", "action_flag": 2, "change_message": "[{\"added\": {\"name\": \"product image\", \"object\": \"ProductImage object (1)\"}}, {\"added\": {\"name\": \"product image\", \"object\": \"ProductImage object (2)\"}}, {\"added\": {\"name\": \"product image\", \"object\": \"ProductImage object (3)\"}}]"}}, {"model": "admin.logentry", "pk": 11, "fields": {"action_time": "2023-12-18T19:22:11.618Z", "user": 1, "content_type": 3, "object_id": "1", "object_repr": "Producers", "action_flag": 1, "change_message": "[{\"added\": {}}]"}}, {"model": "admin.logentry", "pk": 12, "fields": {"action_time": "2023-12-18T19:48:35.829Z", "user": 1, "content_type": 6, "object_id": "2", "object_repr": "Producer Producer", "action_flag": 2, "change_message": "[{\"changed\": {\"fields\": [\"Groups\", \"Staff status\"]}}]"}}, {"model": "admin.logentry", "pk": 13, "fields": {"action_time": "2023-12-18T20:52:56.956Z", "user": 2, "content_type": 10, "object_id": "6", "object_repr": "Cool stuff ( #6 ) -- $10", "action_flag": 1, "change_message": "[{\"added\": {}}]"}}, {"model": "admin.logentry", "pk": 14, "fields": {"action_time": "2023-12-18T20:55:58.425Z", "user": 2, "content_type": 10, "object_id": "7", "object_repr": "Chibage ( #7 ) -- $20", "action_flag": 1, "change_message": "[{\"added\": {}}, {\"added\": {\"name\": \"product image\", \"object\": \"ProductImage object (4)\"}}, {\"added\": {\"name\": \"product image\", \"object\": \"ProductImage object (5)\"}}, {\"added\": {\"name\": \"product image\", \"object\": \"ProductImage object (6)\"}}]"}}, {"model": "admin.logentry", "pk": 15, "fields": {"action_time": "2023-12-18T20:57:41.667Z", "user": 2, "content_type": 10, "object_id": "8", "object_repr": "Keep adding ( #8 ) -- $50", "action_flag": 1, "change_message": "[{\"added\": {}}, {\"added\": {\"name\": \"product image\", \"object\": \"ProductImage object (7)\"}}, {\"added\": {\"name\": \"product image\", \"object\": \"ProductImage object (8)\"}}, {\"added\": {\"name\": \"product image\", \"object\": \"ProductImage object (9)\"}}]"}}, {"model": "admin.logentry", "pk": 16, "fields": {"action_time": "2023-12-18T21:17:50.653Z", "user": 1, "content_type": 3, "object_id": "1", "object_repr": "Producers", "action_flag": 2, "change_message": "[{\"changed\": {\"fields\": [\"Permissions\"]}}]"}}, {"model": "admin.logentry", "pk": 17, "fields": {"action_time": "2023-12-18T21:18:28.157Z", "user": 1, "content_type": 3, "object_id": "1", "object_repr": "Producers", "action_flag": 2, "change_message": "[{\"changed\": {\"fields\": [\"Permissions\"]}}]"}}, {"model": "admin.logentry", "pk": 18, "fields": {"action_time": "2023-12-18T21:19:13.926Z", "user": 1, "content_type": 3, "object_id": "1", "object_repr": "Producers", "action_flag": 2, "change_message": "[{\"changed\": {\"fields\": [\"Permissions\"]}}]"}}, {"model": "admin.logentry", "pk": 19, "fields": {"action_time": "2023-12-18T21:26:38.866Z", "user": 1, "content_type": 3, "object_id": "1", "object_repr": "Producers", "action_flag": 2, "change_message": "[{\"changed\": {\"fields\": [\"Permissions\"]}}]"}}, {"model": "admin.logentry", "pk": 20, "fields": {"action_time": "2023-12-18T21:28:02.478Z", "user": 2, "content_type": 7, "object_id": "2", "object_repr": "Order #2", "action_flag": 2, "change_message": "[{\"changed\": {\"fields\": [\"Status\"]}}]"}}, {"model": "admin.logentry", "pk": 21, "fields": {"action_time": "2023-12-18T21:28:12.603Z", "user": 2, "content_type": 7, "object_id": "2", "object_repr": "Order #2", "action_flag": 2, "change_message": "[{\"changed\": {\"fields\": [\"Status\"]}}]"}}, {"model": "admin.logentry", "pk": 22, "fields": {"action_time": "2023-12-18T21:28:19.846Z", "user": 2, "content_type": 7, "object_id": "2", "object_repr": "Order #2", "action_flag": 2, "change_message": "[{\"changed\": {\"fields\": [\"Status\"]}}]"}}, {"model": "admin.logentry", "pk": 23, "fields": {"action_time": "2023-12-18T21:32:45.695Z", "user": 2, "content_type": 10, "object_id": "8", "object_repr": "Keep adding ( #8 ) -- $50.00", "action_flag": 2, "change_message": "[{\"added\": {\"name\": \"product image\", \"object\": \"ProductImage object (10)\"}}, {\"added\": {\"name\": \"product image\", \"object\": \"ProductImage object (11)\"}}, {\"added\": {\"name\": \"product image\", \"object\": \"ProductImage object (12)\"}}]"}}, {"model": "admin.logentry", "pk": 24, "fields": {"action_time": "2023-12-18T21:35:21.285Z", "user": 1, "content_type": 7, "object_id": "2", "object_repr": "Order #2", "action_flag": 2, "change_message": "[{\"changed\": {\"fields\": [\"Status\"]}}]"}}, {"model": "admin.logentry", "pk": 25, "fields": {"action_time": "2023-12-19T07:04:21.871Z", "user": 1, "content_type": 3, "object_id": "1", "object_repr": "Producer", "action_flag": 2, "change_message": "[{\"changed\": {\"fields\": [\"Name\"]}}]"}}, {"model": "admin.logentry", "pk": 26, "fields": {"action_time": "2023-12-19T07:15:49.568Z", "user": 9, "content_type": 10, "object_id": "9", "object_repr": "South Africa Product ( #9 ) -- $50", "action_flag": 1, "change_message": "[{\"added\": {}}, {\"added\": {\"name\": \"product image\", \"object\": \"ProductImage object (13)\"}}, {\"added\": {\"name\": \"product image\", \"object\": \"ProductImage object (14)\"}}, {\"added\": {\"name\": \"product image\", \"object\": \"ProductImage object (15)\"}}]"}}, {"model": "admin.logentry", "pk": 27, "fields": {"action_time": "2023-12-19T07:22:21.613Z", "user": 7, "content_type": 10, "object_id": "10", "object_repr": "Patrice Chaula ( #10 ) -- $600", "action_flag": 1, "change_message": "[{\"added\": {}}, {\"added\": {\"name\": \"product image\", \"object\": \"ProductImage object (16)\"}}]"}}, {"model": "admin.logentry", "pk": 28, "fields": {"action_time": "2023-12-20T15:38:35.012Z", "user": 1, "content_type": 10, "object_id": "11", "object_repr": "Cool stuff ( #11 ) -- $50", "action_flag": 1, "change_message": "[{\"added\": {}}, {\"added\": {\"name\": \"product image\", \"object\": \"ProductImage object (17)\"}}, {\"added\": {\"name\": \"product image\", \"object\": \"ProductImage object (18)\"}}, {\"added\": {\"name\": \"product image\", \"object\": \"ProductImage object (19)\"}}]"}}, {"model": "admin.logentry", "pk": 29, "fields": {"action_time": "2023-12-20T15:39:44.077Z", "user": 1, "content_type": 10, "object_id": "11", "object_repr": "Cool stuff ( #11 ) -- $50.00", "action_flag": 2, "change_message": "[{\"changed\": {\"fields\": [\"Image\", \"x\", \"y\", \"width\", \"height\"]}}]"}}, {"model": "admin.logentry", "pk": 30, "fields": {"action_time": "2023-12-20T18:05:48.725Z", "user": 1, "content_type": 10, "object_id": "11", "object_repr": "Cool stuff ( #11 ) -- $50.00", "action_flag": 2, "change_message": "[{\"changed\": {\"fields\": [\"Image\", \"x\", \"y\", \"width\", \"height\"]}}]"}}, {"model": "admin.logentry", "pk": 31, "fields": {"action_time": "2023-12-20T19:06:41.609Z", "user": 1, "content_type": 10, "object_id": "10", "object_repr": "Patrice Chaula ( #10 ) -- $600.00", "action_flag": 2, "change_message": "[{\"changed\": {\"fields\": [\"Image\", \"x\", \"y\", \"width\", \"height\"]}}]"}}, {"model": "admin.logentry", "pk": 32, "fields": {"action_time": "2023-12-20T19:08:13.784Z", "user": 1, "content_type": 10, "object_id": "9", "object_repr": "South Africa Product ( #9 ) -- $50.00", "action_flag": 2, "change_message": "[{\"changed\": {\"fields\": [\"Image\", \"x\", \"y\", \"width\", \"height\"]}}]"}}, {"model": "admin.logentry", "pk": 33, "fields": {"action_time": "2023-12-20T19:08:33.770Z", "user": 1, "content_type": 10, "object_id": "8", "object_repr": "Keep adding ( #8 ) -- $50.00", "action_flag": 2, "change_message": "[{\"changed\": {\"fields\": [\"Image\", \"x\", \"y\", \"width\", \"height\"]}}]"}}, {"model": "admin.logentry", "pk": 34, "fields": {"action_time": "2023-12-20T19:09:02.314Z", "user": 1, "content_type": 10, "object_id": "7", "object_repr": "Chibage ( #7 ) -- $20.00", "action_flag": 2, "change_message": "[{\"changed\": {\"fields\": [\"Image\", \"x\", \"y\", \"width\", \"height\"]}}]"}}, {"model": "admin.logentry", "pk": 35, "fields": {"action_time": "2023-12-20T19:09:54.972Z", "user": 1, "content_type": 10, "object_id": "5", "object_repr": "Last Test Product ( #5 ) -- $56.00", "action_flag": 2, "change_message": "[{\"changed\": {\"fields\": [\"Image\", \"x\", \"y\", \"width\", \"height\"]}}]"}}, {"model": "admin.logentry", "pk": 36, "fields": {"action_time": "2023-12-20T19:10:35.505Z", "user": 1, "content_type": 10, "object_id": "4", "object_repr": "Test product ( #4 ) -- $50.00", "action_flag": 2, "change_message": "[{\"changed\": {\"fields\": [\"Image\", \"x\", \"y\", \"width\", \"height\"]}}]"}}, {"model": "admin.logentry", "pk": 37, "fields": {"action_time": "2023-12-20T19:11:34.834Z", "user": 1, "content_type": 10, "object_id": "3", "object_repr": "Another random product ( #3 ) -- $50.00", "action_flag": 2, "change_message": "[{\"changed\": {\"fields\": [\"Image\", \"x\", \"y\", \"width\", \"height\"]}}]"}}, {"model": "admin.logentry", "pk": 38, "fields": {"action_time": "2023-12-20T19:12:10.432Z", "user": 1, "content_type": 10, "object_id": "2", "object_repr": "Random product ( #2 ) -- $50.00", "action_flag": 2, "change_message": "[{\"changed\": {\"fields\": [\"Image\", \"x\", \"y\", \"width\", \"height\"]}}]"}}, {"model": "admin.logentry", "pk": 39, "fields": {"action_time": "2023-12-20T19:13:02.678Z", "user": 1, "content_type": 10, "object_id": "1", "object_repr": "Lamboghini ( #1 ) -- $300000.00", "action_flag": 2, "change_message": "[{\"changed\": {\"fields\": [\"Image\", \"x\", \"y\", \"width\", \"height\"]}}]"}}, {"model": "admin.logentry", "pk": 40, "fields": {"action_time": "2023-12-20T19:41:14.118Z", "user": 1, "content_type": 10, "object_id": "6", "object_repr": "Cool stuff ( #6 ) -- $10.00", "action_flag": 2, "change_message": "[{\"changed\": {\"fields\": [\"Image\", \"x\", \"y\", \"width\", \"height\"]}}]"}}, {"model": "admin.logentry", "pk": 41, "fields": {"action_time": "2023-12-20T19:54:14.916Z", "user": 1, "content_type": 10, "object_id": "9", "object_repr": "South Africa Product ( #9 ) -- $50.00", "action_flag": 2, "change_message": "[{\"changed\": {\"fields\": [\"Image\", \"x\", \"y\", \"width\", \"height\"]}}]"}}, {"model": "admin.logentry", "pk": 42, "fields": {"action_time": "2023-12-22T18:26:53.845Z", "user": 1, "content_type": 7, "object_id": "7", "object_repr": "Order #7", "action_flag": 2, "change_message": "[{\"changed\": {\"fields\": [\"Status\"]}}]"}}, {"model": "admin.logentry", "pk": 43, "fields": {"action_time": "2024-03-22T19:46:24.728Z", "user": 1, "content_type": 10, "object_id": "11", "object_repr": "Cool stuff ( #11 ) -- $50.00", "action_flag": 2, "change_message": "[{\"changed\": {\"fields\": [\"Image\", \"x\", \"y\", \"width\", \"height\"]}}]"}}, {"model": "admin.logentry", "pk": 44, "fields": {"action_time": "2024-06-26T20:29:25.850Z", "user": 1, "content_type": 10, "object_id": "11", "object_repr": "Cool stuff ( #11 ) -- $50.00", "action_flag": 3, "change_message": ""}}, {"model": "admin.logentry", "pk": 45, "fields": {"action_time": "2024-06-26T20:29:25.858Z", "user": 1, "content_type": 10, "object_id": "10", "object_repr": "Patrice Chaula ( #10 ) -- $600.00", "action_flag": 3, "change_message": ""}}, {"model": "admin.logentry", "pk": 46, "fields": {"action_time": "2024-06-26T20:29:25.860Z", "user": 1, "content_type": 10, "object_id": "9", "object_repr": "South Africa Product ( #9 ) -- $50.00", "action_flag": 3, "change_message": ""}}, {"model": "admin.logentry", "pk": 47, "fields": {"action_time": "2024-06-26T20:29:25.861Z", "user": 1, "content_type": 10, "object_id": "8", "object_repr": "Keep adding ( #8 ) -- $50.00", "action_flag": 3, "change_message": ""}}, {"model": "admin.logentry", "pk": 48, "fields": {"action_time": "2024-06-26T20:29:25.863Z", "user": 1, "content_type": 10, "object_id": "7", "object_repr": "Chibage ( #7 ) -- $20.00", "action_flag": 3, "change_message": ""}}, {"model": "admin.logentry", "pk": 49, "fields": {"action_time": "2024-06-26T20:29:25.864Z", "user": 1, "content_type": 10, "object_id": "6", "object_repr": "Cool stuff ( #6 ) -- $10.00", "action_flag": 3, "change_message": ""}}, {"model": "admin.logentry", "pk": 50, "fields": {"action_time": "2024-06-26T20:29:25.866Z", "user": 1, "content_type": 10, "object_id": "5", "object_repr": "Last Test Product ( #5 ) -- $56.00", "action_flag": 3, "change_message": ""}}, {"model": "admin.logentry", "pk": 51, "fields": {"action_time": "2024-06-26T20:29:25.867Z", "user": 1, "content_type": 10, "object_id": "4", "object_repr": "Test product ( #4 ) -- $50.00", "action_flag": 3, "change_message": ""}}, {"model": "admin.logentry", "pk": 52, "fields": {"action_time": "2024-06-26T20:29:25.869Z", "user": 1, "content_type": 10, "object_id": "3", "object_repr": "Another random product ( #3 ) -- $50.00", "action_flag": 3, "change_message": ""}}, {"model": "admin.logentry", "pk": 53, "fields": {"action_time": "2024-06-26T20:29:25.871Z", "user": 1, "content_type": 10, "object_id": "2", "object_repr": "Random product ( #2 ) -- $50.00", "action_flag": 3, "change_message": ""}}, {"model": "admin.logentry", "pk": 54, "fields": {"action_time": "2024-06-26T20:29:25.872Z", "user": 1, "content_type": 10, "object_id": "1", "object_repr": "Lamboghini ( #1 ) -- $300000.00", "action_flag": 3, "change_message": ""}}, {"model": "admin.logentry", "pk": 55, "fields": {"action_time": "2024-06-26T20:32:58.900Z", "user": 1, "content_type": 10, "object_id": "12", "object_repr": "Broilers ( #12 ) -- $7", "action_flag": 1, "change_message": "[{\"added\": {}}]"}}, {"model": "admin.logentry", "pk": 56, "fields": {"action_time": "2024-06-26T20:41:31.306Z", "user": 1, "content_type": 10, "object_id": "12", "object_repr": "Broilers ( #12 ) -- $7.00", "action_flag": 2, "change_message": "[{\"added\": {\"name\": \"product image\", \"object\": \"ProductImage object (20)\"}}, {\"added\": {\"name\": \"product image\", \"object\": \"ProductImage object (21)\"}}, {\"added\": {\"name\": \"product image\", \"object\": \"ProductImage object (22)\"}}]"}}, {"model": "admin.logentry", "pk": 57, "fields": {"action_time": "2024-06-26T20:47:23.738Z", "user": 1, "content_type": 10, "object_id": "13", "object_repr": "Layer Chicken ( #13 ) -- $10", "action_flag": 1, "change_message": "[{\"added\": {}}, {\"added\": {\"name\": \"product image\", \"object\": \"ProductImage object (23)\"}}, {\"added\": {\"name\": \"product image\", \"object\": \"ProductImage object (24)\"}}, {\"added\": {\"name\": \"product image\", \"object\": \"ProductImage object (25)\"}}]"}}, {"model": "admin.logentry", "pk": 58, "fields": {"action_time": "2024-06-26T20:56:50.643Z", "user": 1, "content_type": 10, "object_id": "14", "object_repr": "Pigs ( #14 ) -- $30", "action_flag": 1, "change_message": "[{\"added\": {}}, {\"added\": {\"name\": \"product image\", \"object\": \"ProductImage object (26)\"}}, {\"added\": {\"name\": \"product image\", \"object\": \"ProductImage object (27)\"}}]"}}, {"model": "admin.logentry", "pk": 59, "fields": {"action_time": "2024-06-26T21:00:29.616Z", "user": 1, "content_type": 10, "object_id": "15", "object_repr": "Grapes ( #15 ) -- $5", "action_flag": 1, "change_message": "[{\"added\": {}}]"}}, {"model": "admin.logentry", "pk": 60, "fields": {"action_time": "2024-06-26T21:19:48.608Z", "user": 1, "content_type": 10, "object_id": "14", "object_repr": "Pigs ( #14 ) -- $30.00", "action_flag": 2, "change_message": "[{\"changed\": {\"fields\": [\"Image\", \"x\", \"y\", \"width\", \"height\"]}}]"}}, {"model": "admin.logentry", "pk": 61, "fields": {"action_time": "2024-06-26T21:20:18.067Z", "user": 1, "content_type": 10, "object_id": "14", "object_repr": "Pigs ( #14 ) -- $30.00", "action_flag": 2, "change_message": "[{\"changed\": {\"fields\": [\"Image\", \"x\", \"y\", \"width\", \"height\"]}}]"}}, {"model": "admin.logentry", "pk": 62, "fields": {"action_time": "2024-06-26T21:31:52.440Z", "user": 1, "content_type": 6, "object_id": "2", "object_repr": "Producer Producer", "action_flag": 2, "change_message": "[{\"changed\": {\"fields\": [\"Lat\", \"Lng\"]}}]"}}, {"model": "admin.logentry", "pk": 63, "fields": {"action_time": "2024-07-01T10:28:19.666Z", "user": 1, "content_type": 10, "object_id": "16", "object_repr": "Dairy Cow ( #16 ) -- $400", "action_flag": 1, "change_message": "[{\"added\": {}}]"}}, {"model": "admin.logentry", "pk": 64, "fields": {"action_time": "2024-07-01T11:41:37.634Z", "user": 1, "content_type": 7, "object_id": "11", "object_repr": "Order #11", "action_flag": 2, "change_message": "[{\"changed\": {\"fields\": [\"Status\"]}}]"}}, {"model": "auth.permission", "pk": 1, "fields": {"name": "Can add log entry", "content_type": 1, "codename": "add_logentry"}}, {"model": "auth.permission", "pk": 2, "fields": {"name": "Can change log entry", "content_type": 1, "codename": "change_logentry"}}, {"model": "auth.permission", "pk": 3, "fields": {"name": "Can delete log entry", "content_type": 1, "codename": "delete_logentry"}}, {"model": "auth.permission", "pk": 4, "fields": {"name": "Can view log entry", "content_type": 1, "codename": "view_logentry"}}, {"model": "auth.permission", "pk": 5, "fields": {"name": "Can add permission", "content_type": 2, "codename": "add_permission"}}, {"model": "auth.permission", "pk": 6, "fields": {"name": "Can change permission", "content_type": 2, "codename": "change_permission"}}, {"model": "auth.permission", "pk": 7, "fields": {"name": "Can delete permission", "content_type": 2, "codename": "delete_permission"}}, {"model": "auth.permission", "pk": 8, "fields": {"name": "Can view permission", "content_type": 2, "codename": "view_permission"}}, {"model": "auth.permission", "pk": 9, "fields": {"name": "Can add group", "content_type": 3, "codename": "add_group"}}, {"model": "auth.permission", "pk": 10, "fields": {"name": "Can change group", "content_type": 3, "codename": "change_group"}}, {"model": "auth.permission", "pk": 11, "fields": {"name": "Can delete group", "content_type": 3, "codename": "delete_group"}}, {"model": "auth.permission", "pk": 12, "fields": {"name": "Can view group", "content_type": 3, "codename": "view_group"}}, {"model": "auth.permission", "pk": 13, "fields": {"name": "Can add content type", "content_type": 4, "codename": "add_contenttype"}}, {"model": "auth.permission", "pk": 14, "fields": {"name": "Can change content type", "content_type": 4, "codename": "change_contenttype"}}, {"model": "auth.permission", "pk": 15, "fields": {"name": "Can delete content type", "content_type": 4, "codename": "delete_contenttype"}}, {"model": "auth.permission", "pk": 16, "fields": {"name": "Can view content type", "content_type": 4, "codename": "view_contenttype"}}, {"model": "auth.permission", "pk": 17, "fields": {"name": "Can add session", "content_type": 5, "codename": "add_session"}}, {"model": "auth.permission", "pk": 18, "fields": {"name": "Can change session", "content_type": 5, "codename": "change_session"}}, {"model": "auth.permission", "pk": 19, "fields": {"name": "Can delete session", "content_type": 5, "codename": "delete_session"}}, {"model": "auth.permission", "pk": 20, "fields": {"name": "Can view session", "content_type": 5, "codename": "view_session"}}, {"model": "auth.permission", "pk": 21, "fields": {"name": "Can add user", "content_type": 6, "codename": "add_user"}}, {"model": "auth.permission", "pk": 22, "fields": {"name": "Can change user", "content_type": 6, "codename": "change_user"}}, {"model": "auth.permission", "pk": 23, "fields": {"name": "Can delete user", "content_type": 6, "codename": "delete_user"}}, {"model": "auth.permission", "pk": 24, "fields": {"name": "Can view user", "content_type": 6, "codename": "view_user"}}, {"model": "auth.permission", "pk": 25, "fields": {"name": "Can add order", "content_type": 7, "codename": "add_order"}}, {"model": "auth.permission", "pk": 26, "fields": {"name": "Can change order", "content_type": 7, "codename": "change_order"}}, {"model": "auth.permission", "pk": 27, "fields": {"name": "Can delete order", "content_type": 7, "codename": "delete_order"}}, {"model": "auth.permission", "pk": 28, "fields": {"name": "Can view order", "content_type": 7, "codename": "view_order"}}, {"model": "auth.permission", "pk": 29, "fields": {"name": "Can add withdrawal", "content_type": 8, "codename": "add_withdrawal"}}, {"model": "auth.permission", "pk": 30, "fields": {"name": "Can change withdrawal", "content_type": 8, "codename": "change_withdrawal"}}, {"model": "auth.permission", "pk": 31, "fields": {"name": "Can delete withdrawal", "content_type": 8, "codename": "delete_withdrawal"}}, {"model": "auth.permission", "pk": 32, "fields": {"name": "Can view withdrawal", "content_type": 8, "codename": "view_withdrawal"}}, {"model": "auth.permission", "pk": 33, "fields": {"name": "Can add product request", "content_type": 9, "codename": "add_productrequest"}}, {"model": "auth.permission", "pk": 34, "fields": {"name": "Can change product request", "content_type": 9, "codename": "change_productrequest"}}, {"model": "auth.permission", "pk": 35, "fields": {"name": "Can delete product request", "content_type": 9, "codename": "delete_productrequest"}}, {"model": "auth.permission", "pk": 36, "fields": {"name": "Can view product request", "content_type": 9, "codename": "view_productrequest"}}, {"model": "auth.permission", "pk": 37, "fields": {"name": "Can add product", "content_type": 10, "codename": "add_product"}}, {"model": "auth.permission", "pk": 38, "fields": {"name": "Can change product", "content_type": 10, "codename": "change_product"}}, {"model": "auth.permission", "pk": 39, "fields": {"name": "Can delete product", "content_type": 10, "codename": "delete_product"}}, {"model": "auth.permission", "pk": 40, "fields": {"name": "Can view product", "content_type": 10, "codename": "view_product"}}, {"model": "auth.permission", "pk": 41, "fields": {"name": "Can add payment", "content_type": 11, "codename": "add_payment"}}, {"model": "auth.permission", "pk": 42, "fields": {"name": "Can change payment", "content_type": 11, "codename": "change_payment"}}, {"model": "auth.permission", "pk": 43, "fields": {"name": "Can delete payment", "content_type": 11, "codename": "delete_payment"}}, {"model": "auth.permission", "pk": 44, "fields": {"name": "Can view payment", "content_type": 11, "codename": "view_payment"}}, {"model": "auth.permission", "pk": 45, "fields": {"name": "Can add order item", "content_type": 12, "codename": "add_orderitem"}}, {"model": "auth.permission", "pk": 46, "fields": {"name": "Can change order item", "content_type": 12, "codename": "change_orderitem"}}, {"model": "auth.permission", "pk": 47, "fields": {"name": "Can delete order item", "content_type": 12, "codename": "delete_orderitem"}}, {"model": "auth.permission", "pk": 48, "fields": {"name": "Can view order item", "content_type": 12, "codename": "view_orderitem"}}, {"model": "auth.permission", "pk": 49, "fields": {"name": "Can add product image", "content_type": 13, "codename": "add_productimage"}}, {"model": "auth.permission", "pk": 50, "fields": {"name": "Can change product image", "content_type": 13, "codename": "change_productimage"}}, {"model": "auth.permission", "pk": 51, "fields": {"name": "Can delete product image", "content_type": 13, "codename": "delete_productimage"}}, {"model": "auth.permission", "pk": 52, "fields": {"name": "Can view product image", "content_type": 13, "codename": "view_productimage"}}, {"model": "auth.group", "pk": 1, "fields": {"name": "Producer", "permissions": [26, 28, 45, 46, 48, 37, 38, 39, 40, 49, 50, 51, 52]}}, {"model": "contenttypes.contenttype", "pk": 1, "fields": {"app_label": "admin", "model": "logentry"}}, {"model": "contenttypes.contenttype", "pk": 2, "fields": {"app_label": "auth", "model": "permission"}}, {"model": "contenttypes.contenttype", "pk": 3, "fields": {"app_label": "auth", "model": "group"}}, {"model": "contenttypes.contenttype", "pk": 4, "fields": {"app_label": "contenttypes", "model": "contenttype"}}, {"model": "contenttypes.contenttype", "pk": 5, "fields": {"app_label": "sessions", "model": "session"}}, {"model": "contenttypes.contenttype", "pk": 6, "fields": {"app_label": "users", "model": "user"}}, {"model": "contenttypes.contenttype", "pk": 7, "fields": {"app_label": "core", "model": "order"}}, {"model": "contenttypes.contenttype", "pk": 8, "fields": {"app_label": "core", "model": "withdrawal"}}, {"model": "contenttypes.contenttype", "pk": 9, "fields": {"app_label": "core", "model": "productrequest"}}, {"model": "contenttypes.contenttype", "pk": 10, "fields": {"app_label": "core", "model": "product"}}, {"model": "contenttypes.contenttype", "pk": 11, "fields": {"app_label": "core", "model": "payment"}}, {"model": "contenttypes.contenttype", "pk": 12, "fields": {"app_label": "core", "model": "orderitem"}}, {"model": "contenttypes.contenttype", "pk": 13, "fields": {"app_label": "core", "model": "productimage"}}, {"model": "sessions.session", "pk": "12qhh0twho4h4xgx9wqbhu3nj81zkrhk", "fields": {"session_data": ".eJxVjDsOwjAQBe_iGlnrbxJKes5g7XpXOIBsKU4qxN0hUgpo38y8l0q4rSVtXZY0szor49XpdyTMD6k74TvWW9O51XWZSe-KPmjX18byvBzu30HBXr41IkNgBIuCljLTAD4P0ZgcPQPQBBAkmlEmjAYBbHDO8midBKHIUb0_G7U4AQ:1sOGb1:IqxiHPias2mGbZHO9qEi2qYTILMlIZTl2Fw0T2ocRyE", "expire_date": "2024-07-15T12:57:27.922Z"}}, {"model": "sessions.session", "pk": "41ik39dswze47uff5pfjmjmjy19wbign", "fields": {"session_data": ".eJxVjEEOwiAQRe_C2hAoUByX7nsGMgyDVA0kpV0Z765NutDtf-_9lwi4rSVsnZcwJ3ERWpx-t4j04LqDdMd6a5JaXZc5yl2RB-1yaomf18P9OyjYy7f2WRN7AM52dI4UWiA1mKRcBuMMnrUC5Kyyt0jgCHIyMGB0XnumkcT7A-LzOBU:1rG4d1:-CdiGiNz3OMuPgBvVvebd-npj-7wVpsuxvjpIMuyWXI", "expire_date": "2024-01-03T22:01:23.246Z"}}, {"model": "sessions.session", "pk": "cmajijcg65d26bplpry6dxph04cotqkg", "fields": {"session_data": ".eJxVjDsOwjAQBe_iGlneOOsPJT1niHZtLw6gRIqTCnF3iJQC2jcz76UG2tY6bK0sw5jVWQGo0-_IlB5l2km-03SbdZqndRlZ74o-aNPXOZfn5XD_Diq1-q29jULWGidYjHE9cGdDkUB9BExsiNljCuIkWoaMSQCtF8ixw4Ai6v0B-1k4DQ:1rk4EK:9XVJMalQ2SsO2YiJ7uNi3NzQoBmG1m2t6ELCnHbYJnc", "expire_date": "2024-03-26T15:39:52.767Z"}}, {"model": "sessions.session", "pk": "dtcox8jaofc8c41dizu3uxnjht94u5h1", "fields": {"session_data": ".eJxVjEEOwiAQRe_C2hAoUByX7nsGMgyDVA0kpV0Z765NutDtf-_9lwi4rSVsnZcwJ3ERWpx-t4j04LqDdMd6a5JaXZc5yl2RB-1yaomf18P9OyjYy7f2WRN7AM52dI4UWiA1mKRcBuMMnrUC5Kyyt0jgCHIyMGB0XnumkcT7A-LzOBU:1rngiD:jDyCf71WdGZp_nDtMuB3T_MNBuwsfnDxh5BeO9DUkfk", "expire_date": "2024-04-05T15:21:41.057Z"}}, {"model": "sessions.session", "pk": "fmzvzzc6i5ubwsiyjkpdtu4gkmxddixv", "fields": {"session_data": ".eJxVjDsOwjAQBe_iGlk2_sWU9DmDtetd4wBypDipEHeHSCmgfTPzXiLBtta0dV7SROIitBan3xEhP7jthO7QbrPMc1uXCeWuyIN2Oc7Ez-vh_h1U6PVbl-LZeq-McmAZ0ZAjZiKtQ1YYWJ1BRcfOROtDHjJAsSYwWjdABG_F-wMfqziQ:1riZSg:AwhW6rs-Iy9sIzXy8GE38_t8U8VFLluPzIYb0HB8YM8", "expire_date": "2024-03-22T12:36:30.850Z"}}, {"model": "sessions.session", "pk": "hdtj63h78e533h47hgz1i0rfprtge05o", "fields": {"session_data": ".eJxVjEEOwiAQRe_C2hAoUByX7nsGMgyDVA0kpV0Z765NutDtf-_9lwi4rSVsnZcwJ3ERWpx-t4j04LqDdMd6a5JaXZc5yl2RB-1yaomf18P9OyjYy7f2WRN7AM52dI4UWiA1mKRcBuMMnrUC5Kyyt0jgCHIyMGB0XnumkcT7A-LzOBU:1sOEA1:U3f-g8jZ-dtBXrSc5ru4D2TBErY2zVep0xI46wAgs3s", "expire_date": "2024-07-15T10:21:25.966Z"}}, {"model": "sessions.session", "pk": "kyvr4jav90uj60cttimbd9jn87qt4v5h", "fields": {"session_data": ".eJxVjEEOwiAQRe_C2hAoUByX7nsGMgyDVA0kpV0Z765NutDtf-_9lwi4rSVsnZcwJ3ERWpx-t4j04LqDdMd6a5JaXZc5yl2RB-1yaomf18P9OyjYy7f2WRN7AM52dI4UWiA1mKRcBuMMnrUC5Kyyt0jgCHIyMGB0XnumkcT7A-LzOBU:1rFtJf:Y709hnuM-_8QkBWEEdBPR3Cj-Ks9rgsatONJSSEb-Ik", "expire_date": "2024-01-03T09:56:39.623Z"}}, {"model": "sessions.session", "pk": "m0tus3kdpp13ny6gp11j09z1ibfx3vmc", "fields": {"session_data": ".eJxVjEEOwiAQRe_C2hAoUByX7nsGMgyDVA0kpV0Z765NutDtf-_9lwi4rSVsnZcwJ3ERWpx-t4j04LqDdMd6a5JaXZc5yl2RB-1yaomf18P9OyjYy7f2WRN7AM52dI4UWiA1mKRcBuMMnrUC5Kyyt0jgCHIyMGB0XnumkcT7A-LzOBU:1sMM3q:Ueu4y8Ro3QBUgh7TJXCx756r6X_4wafmvmz6wEINkHM", "expire_date": "2024-07-10T06:23:18.380Z"}}, {"model": "sessions.session", "pk": "nu9uecbxsxm0t2q3188vw5549wdczuzg", "fields": {"session_data": ".eJxVjEEOwiAQRe_C2hAoUByX7nsGMgyDVA0kpV0Z765NutDtf-_9lwi4rSVsnZcwJ3ERWpx-t4j04LqDdMd6a5JaXZc5yl2RB-1yaomf18P9OyjYy7f2WRN7AM52dI4UWiA1mKRcBuMMnrUC5Kyyt0jgCHIyMGB0XnumkcT7A-LzOBU:1rpBjw:mZCa9J71Df8oUg09PzUiaKKxJBF9IEC4Hz6P5qMrBbI", "expire_date": "2024-04-09T18:41:40.274Z"}}, {"model": "sessions.session", "pk": "odmat8xpzwp887nlljax8ryhlrgalbpm", "fields": {"session_data": ".eJxVjEEOwiAQRe_C2hAoUByX7nsGMgyDVA0kpV0Z765NutDtf-_9lwi4rSVsnZcwJ3ERWpx-t4j04LqDdMd6a5JaXZc5yl2RB-1yaomf18P9OyjYy7f2WRN7AM52dI4UWiA1mKRcBuMMnrUC5Kyyt0jgCHIyMGB0XnumkcT7A-LzOBU:1rG70j:eiwsj50KMGiYuVmyT1OLdKNoX48euk7suyuQn_UtUtU", "expire_date": "2024-01-04T00:34:01.622Z"}}, {"model": "users.user", "pk": 1, "fields": {"password": "pbkdf2_sha256$600000$qAKbych2VKZsS8BYUWLxim$7kTdL0ZIv7w1jx2XntarCphkIa4xPxas2H5VZAh2t/Y=", "last_login": "2024-07-01T10:21:25.963Z", "is_superuser": true, "username": "admin@digitalmusika.com", "first_name": "Patrice", "last_name": "Chaula", "email": "admin@digitalmusika.com", "is_staff": true, "is_active": true, "date_joined": "2023-12-16T19:17:50Z", "phone": "0782841339", "balance": "0.00", "type": "producer", "house_number": 1234, "street": "Fake Street", "suburb": "Gweru", "city": "Gweru", "province": "Bulawayo", "lat": "-19.45337031201092500000", "lng": "29.76146363885071700000", "created_at": "2023-12-16T19:17:50.473Z", "updated_at": "2023-12-17T08:22:13.184Z", "groups": [], "user_permissions": []}}, {"model": "users.user", "pk": 2, "fields": {"password": "pbkdf2_sha256$600000$k4KGLuZ555tmSWH9g3xePG$e/AsjhSJDqh0v8JVDt4jEWJp60HF9xIWIIS5fbTUQEY=", "last_login": "2023-12-18T19:47:45Z", "is_superuser": false, "username": "producer@digitalmusika.com", "first_name": "Producer", "last_name": "Producer", "email": "producer@digitalmusika.com", "is_staff": true, "is_active": true, "date_joined": "2023-12-18T19:47:45Z", "phone": "0782841339", "balance": "0.00", "type": "producer", "house_number": 5, "street": "1234 Fake Street", "suburb": "Fake City", "city": "Harare", "province": "Harare", "lat": "-19.66996001050165400000", "lng": "29.97067399675722400000", "created_at": "2023-12-18T19:47:45.495Z", "updated_at": "2024-06-26T21:31:52.436Z", "groups": [1], "user_permissions": []}}, {"model": "users.user", "pk": 3, "fields": {"password": "pbkdf2_sha256$600000$Fbh07wEhDNYBfqvG7nc09E$ASp42DubROeGPMuodehycbvfOIRx6zRr+xiZU4J6asI=", "last_login": null, "is_superuser": false, "username": "test@example.com", "first_name": "Example", "last_name": "User", "email": "test@example.com", "is_staff": false, "is_active": true, "date_joined": "2023-12-19T07:03:27.701Z", "phone": "+263782841339", "balance": "0.00", "type": "producer", "house_number": 19, "street": "1234 Fake Street", "suburb": "Fake City", "city": "Gweru", "province": "Midlands", "lat": "-19.78877869809673500000", "lng": "30.11931493878364600000", "created_at": "2023-12-19T07:03:27.949Z", "updated_at": "2023-12-19T07:03:27.949Z", "groups": [], "user_permissions": []}}, {"model": "users.user", "pk": 6, "fields": {"password": "pbkdf2_sha256$600000$tte3hqr05gyQfIUFb5xD98$i5wXaFa6GVxbZIbZBUuoslxF4t0/4cwJHe3YvmKT43s=", "last_login": "2023-12-19T07:07:15.061Z", "is_superuser": false, "username": "test+qw@gmail.com", "first_name": "Example", "last_name": "User", "email": "test+qw@gmail.com", "is_staff": false, "is_active": true, "date_joined": "2023-12-19T07:07:14.824Z", "phone": "+263782841339", "balance": "0.00", "type": "customer", "house_number": 56, "street": "1234 Fake Street", "suburb": "Fake City", "city": "Harare", "province": "Harare", "lat": "-19.75421017378057000000", "lng": "30.13684971258044600000", "created_at": "2023-12-19T07:07:15.056Z", "updated_at": "2023-12-19T07:07:15.056Z", "groups": [], "user_permissions": []}}, {"model": "users.user", "pk": 7, "fields": {"password": "pbkdf2_sha256$600000$eDlBYbuXLcakAFyyE87pZf$IB6PsUwO2bkii/Tp/scI/r3GjFbvsmhMGt3E5JBZVjY=", "last_login": "2023-12-19T07:10:41.124Z", "is_superuser": false, "username": "test+23@gmail.com", "first_name": "Example", "last_name": "User", "email": "test+23@gmail.com", "is_staff": true, "is_active": true, "date_joined": "2023-12-19T07:10:40.881Z", "phone": "+263782841339", "balance": "0.00", "type": "producer", "house_number": 56, "street": "1234 Fake Street", "suburb": "Fake City", "city": "Harare", "province": "Harare", "lat": "-19.01540000000000000000", "lng": "29.15490000000000000000", "created_at": "2023-12-19T07:10:41.117Z", "updated_at": "2023-12-19T07:10:41.121Z", "groups": [1], "user_permissions": []}}, {"model": "users.user", "pk": 9, "fields": {"password": "pbkdf2_sha256$600000$d8fqEyUFolJnoSXwjW9p6B$KmXJukgiak7GdYv/Y7Oh6BCaNYNX8JOI4MCqK0bZK2g=", "last_login": "2023-12-19T07:14:35.229Z", "is_superuser": false, "username": "abantu@abantu.co.za", "first_name": "Example", "last_name": "User", "email": "abantu@abantu.co.za", "is_staff": true, "is_active": true, "date_joined": "2023-12-19T07:14:34.987Z", "phone": "+263782841339", "balance": "0.00", "type": "producer", "house_number": 23, "street": "1234 Fake Street", "suburb": "Fake City", "city": "Harare", "province": "Harare", "lat": "-35.62342520083302000000", "lng": "27.31170812621713000000", "created_at": "2023-12-19T07:14:35.220Z", "updated_at": "2023-12-19T07:14:35.226Z", "groups": [1], "user_permissions": []}}, {"model": "users.user", "pk": 10, "fields": {"password": "pbkdf2_sha256$600000$Oj4D6ZJYdboZSSogthrxXN$cEKpFiAkfvcilUXNcNFBjvGFuh2JmW2nwT08czu1IcU=", "last_login": "2023-12-20T20:50:05.665Z", "is_superuser": false, "username": "patricechaula@gmail.com", "first_name": "Patrice", "last_name": "Chaula", "email": "patricechaula@gmail.com", "is_staff": false, "is_active": true, "date_joined": "2023-12-20T20:50:05.409Z", "phone": "0768552976", "balance": "0.00", "type": "customer", "house_number": 5, "street": "4790 Mkoba 12", "suburb": "Mkoba", "city": "Mutare", "province": "Manicaland", "lat": "-19.24961205152499000000", "lng": "32.44579933583736400000", "created_at": "2023-12-20T20:50:05.657Z", "updated_at": "2023-12-20T20:50:05.657Z", "groups": [], "user_permissions": []}}, {"model": "users.user", "pk": 11, "fields": {"password": "pbkdf2_sha256$600000$EDklfCtuwydAk44eVO128i$xHecePKqSuj940pAj8cg8E6DTw/+zmzHB9grGS9wcUw=", "last_login": "2024-03-12T15:39:52.765Z", "is_superuser": true, "username": "admin", "first_name": "", "last_name": "", "email": "admin@hurray.com", "is_staff": true, "is_active": true, "date_joined": "2024-03-08T12:36:07.842Z", "phone": null, "balance": "0.00", "type": "customer", "house_number": null, "street": null, "suburb": null, "city": null, "province": null, "lat": null, "lng": null, "created_at": "2024-03-08T12:36:08.076Z", "updated_at": "2024-03-12T15:39:44.895Z", "groups": [], "user_permissions": []}}, {"model": "users.user", "pk": 12, "fields": {"password": "pbkdf2_sha256$600000$OVdOUAzGwV2SKZbTlT90nC$9EBstbr9VQWyIYDY9ndopgQrNUI4CEJuSYgeEosBk2Q=", "last_login": "2024-07-01T12:27:27.590Z", "is_superuser": false, "username": "chaulapatrice+customer@gmail.com", "first_name": "Patrice", "last_name": "Chaula", "email": "chaulapatrice+customer@gmail.com", "is_staff": false, "is_active": true, "date_joined": "2024-07-01T12:27:27.349Z", "phone": "0768552976", "balance": "0.00", "type": "customer", "house_number": 4790, "street": "4790 Mkoba 12", "suburb": "Mkoba", "city": "Gweru", "province": "Midlands", "lat": "-19.46163143594402000000", "lng": "29.82059497386217000000", "created_at": "2024-07-01T12:27:27.582Z", "updated_at": "2024-07-01T12:27:27.582Z", "groups": [], "user_permissions": []}}, {"model": "users.user", "pk": 14, "fields": {"password": "pbkdf2_sha256$600000$asXzcyOm2sNR4zlakG7oNr$lzMznwb+itmn+HZ8gmAlFrZwBL3BxqQ09MhwcR0cRV0=", "last_login": "2024-07-01T12:57:27.919Z", "is_superuser": false, "username": "chaulapatrice+customer3@gmail.com", "first_name": "Patrice", "last_name": "Chaula", "email": "chaulapatrice+customer3@gmail.com", "is_staff": false, "is_active": true, "date_joined": "2024-07-01T12:42:21.060Z", "phone": "0768552976", "balance": "0.00", "type": "customer", "house_number": 4790, "street": "Gudo", "suburb": "Mkoba", "city": "Gweru", "province": "Midlands", "lat": "-19.46163143594402000000", "lng": "29.82059497386217000000", "created_at": "2024-07-01T12:42:21.294Z", "updated_at": "2024-07-01T12:42:21.294Z", "groups": [], "user_permissions": []}}, {"model": "core.payment", "pk": 1, "fields": {"paynow_redirect_url": "https://www.paynow.co.zw/Payment/ConfirmPayment/17246355", "paynow_poll_url": "https://www.paynow.co.zw/Interface/CheckPayment/?guid=dda77a20-165a-48bd-9cbd-8944472b2fa9", "amount": "28000.00", "status": "Created", "delivered_at": null, "awaiting_delivery_at": null, "paid_at": null, "paynow_created_at": null, "sent_at": null, "cancelled_at": null, "disputed_at": null, "refunded_at": null, "internal_created_at": "2023-12-17T10:20:56.296Z", "internal_updated_at": "2023-12-17T10:20:56.296Z", "customer": 1, "order": 1}}, {"model": "core.payment", "pk": 2, "fields": {"paynow_redirect_url": "https://www.paynow.co.zw/Payment/ConfirmPayment/17251653", "paynow_poll_url": "https://www.paynow.co.zw/Interface/CheckPayment/?guid=f289298a-6752-4087-bb1f-bdc6f56bde22", "amount": "2500.00", "status": "Created", "delivered_at": null, "awaiting_delivery_at": null, "paid_at": null, "paynow_created_at": null, "sent_at": null, "cancelled_at": null, "disputed_at": null, "refunded_at": null, "internal_created_at": "2023-12-18T20:59:07.404Z", "internal_updated_at": "2023-12-18T20:59:07.404Z", "customer": 1, "order": 2}}, {"model": "core.payment", "pk": 3, "fields": {"paynow_redirect_url": "https://www.paynow.co.zw/Payment/ConfirmPayment/17254060", "paynow_poll_url": "https://www.paynow.co.zw/Interface/CheckPayment/?guid=93fb69c3-3ee6-4886-8186-cba6deaf1031", "amount": "2500.00", "status": "Created", "delivered_at": null, "awaiting_delivery_at": null, "paid_at": null, "paynow_created_at": null, "sent_at": null, "cancelled_at": null, "disputed_at": null, "refunded_at": null, "internal_created_at": "2023-12-19T07:18:22.337Z", "internal_updated_at": "2023-12-19T07:18:22.337Z", "customer": 9, "order": 4}}, {"model": "core.payment", "pk": 4, "fields": {"paynow_redirect_url": "https://www.paynow.co.zw/Payment/ConfirmPayment/17263117", "paynow_poll_url": "https://www.paynow.co.zw/Interface/CheckPayment/?guid=a326309b-2462-404b-81b1-3c9332981453", "amount": "2500.00", "status": "Created", "delivered_at": null, "awaiting_delivery_at": null, "paid_at": null, "paynow_created_at": null, "sent_at": null, "cancelled_at": null, "disputed_at": null, "refunded_at": null, "internal_created_at": "2023-12-20T22:01:46.523Z", "internal_updated_at": "2023-12-20T22:01:46.523Z", "customer": 1, "order": 5}}, {"model": "core.payment", "pk": 5, "fields": {"paynow_redirect_url": "https://www.paynow.co.zw/Payment/ConfirmPayment/17269649", "paynow_poll_url": "https://www.paynow.co.zw/Interface/CheckPayment/?guid=2ca61883-d9cd-4ad1-8fd9-92c93018d668", "amount": "300000.00", "status": "Created", "delivered_at": null, "awaiting_delivery_at": null, "paid_at": null, "paynow_created_at": null, "sent_at": null, "cancelled_at": null, "disputed_at": null, "refunded_at": null, "internal_created_at": "2023-12-22T18:06:15.135Z", "internal_updated_at": "2023-12-22T18:06:15.135Z", "customer": 1, "order": 6}}, {"model": "core.payment", "pk": 6, "fields": {"paynow_redirect_url": "https://www.paynow.co.zw/Payment/ConfirmPayment/17269686", "paynow_poll_url": "https://www.paynow.co.zw/Interface/CheckPayment/?guid=90660a3b-c4f9-4a51-a68f-0e6eb5627e8f", "amount": "1200.00", "status": "Created", "delivered_at": null, "awaiting_delivery_at": null, "paid_at": null, "paynow_created_at": null, "sent_at": null, "cancelled_at": null, "disputed_at": null, "refunded_at": null, "internal_created_at": "2023-12-22T18:13:42.055Z", "internal_updated_at": "2023-12-22T18:13:42.055Z", "customer": 1, "order": 7}}, {"model": "core.payment", "pk": 7, "fields": {"paynow_redirect_url": "https://www.paynow.co.zw/Payment/ConfirmPayment/18060564", "paynow_poll_url": "https://www.paynow.co.zw/Interface/CheckPayment/?guid=9512ac5c-bc42-45ca-967f-590bdf9eaca2", "amount": "1500.00", "status": "Created", "delivered_at": null, "awaiting_delivery_at": null, "paid_at": null, "paynow_created_at": null, "sent_at": null, "cancelled_at": null, "disputed_at": null, "refunded_at": null, "internal_created_at": "2024-06-26T21:08:30.093Z", "internal_updated_at": "2024-06-26T21:08:30.093Z", "customer": 1, "order": 8}}, {"model": "core.payment", "pk": 8, "fields": {"paynow_redirect_url": "https://www.paynow.co.zw/Payment/ConfirmPayment/18060576", "paynow_poll_url": "https://www.paynow.co.zw/Interface/CheckPayment/?guid=1fabc2f7-bcc0-46b7-8149-f47d39675557", "amount": "350.00", "status": "Created", "delivered_at": null, "awaiting_delivery_at": null, "paid_at": null, "paynow_created_at": null, "sent_at": null, "cancelled_at": null, "disputed_at": null, "refunded_at": null, "internal_created_at": "2024-06-26T21:38:34.963Z", "internal_updated_at": "2024-06-26T21:38:34.963Z", "customer": 1, "order": 9}}, {"model": "core.payment", "pk": 9, "fields": {"paynow_redirect_url": "https://www.paynow.co.zw/Payment/ConfirmPayment/18077184", "paynow_poll_url": "https://www.paynow.co.zw/Interface/CheckPayment/?guid=d3976adb-cc74-4536-b7cf-816e9178b577", "amount": "500.00", "status": "Created", "delivered_at": null, "awaiting_delivery_at": null, "paid_at": null, "paynow_created_at": null, "sent_at": null, "cancelled_at": null, "disputed_at": null, "refunded_at": null, "internal_created_at": "2024-07-01T09:03:12.728Z", "internal_updated_at": "2024-07-01T09:03:12.729Z", "customer": 1, "order": 10}}, {"model": "core.payment", "pk": 10, "fields": {"paynow_redirect_url": "https://www.paynow.co.zw/Payment/ConfirmPayment/18077746", "paynow_poll_url": "https://www.paynow.co.zw/Interface/CheckPayment/?guid=37bb082d-3142-4a17-a2c0-750968aadbdd", "amount": "1500.00", "status": "Created", "delivered_at": null, "awaiting_delivery_at": null, "paid_at": null, "paynow_created_at": null, "sent_at": null, "cancelled_at": null, "disputed_at": null, "refunded_at": null, "internal_created_at": "2024-07-01T10:31:17.619Z", "internal_updated_at": "2024-07-01T10:31:17.619Z", "customer": 1, "order": 11}}, {"model": "core.payment", "pk": 11, "fields": {"paynow_redirect_url": "https://www.paynow.co.zw/Payment/ConfirmPayment/18078592", "paynow_poll_url": "https://www.paynow.co.zw/Interface/CheckPayment/?guid=58756960-5477-4bf4-9198-50235d6d94ae", "amount": "1500.00", "status": "Created", "delivered_at": null, "awaiting_delivery_at": null, "paid_at": null, "paynow_created_at": null, "sent_at": null, "cancelled_at": null, "disputed_at": null, "refunded_at": null, "internal_created_at": "2024-07-01T12:58:11.719Z", "internal_updated_at": "2024-07-01T12:58:11.719Z", "customer": 14, "order": 12}}, {"model": "core.payment", "pk": 12, "fields": {"paynow_redirect_url": "https://www.paynow.co.zw/Payment/ConfirmPayment/18078593", "paynow_poll_url": "https://www.paynow.co.zw/Interface/CheckPayment/?guid=e49e2438-d5fe-4eda-9679-44e5b130215f", "amount": "4500.00", "status": "Awaiting Delivery", "delivered_at": null, "awaiting_delivery_at": "2024-07-01T12:58:48.745Z", "paid_at": null, "paynow_created_at": null, "sent_at": null, "cancelled_at": null, "disputed_at": null, "refunded_at": null, "internal_created_at": "2024-07-01T12:58:28.999Z", "internal_updated_at": "2024-07-01T12:58:48.748Z", "customer": 14, "order": 13}}, {"model": "core.order", "pk": 1, "fields": {"status": "pending", "title": "Order for Patrice Chaula", "description": null, "created_at": "2023-12-17T10:20:55.879Z", "updated_at": "2023-12-18T21:15:53.302Z", "pending_at": "2023-12-17T10:20:55.878Z", "awaiting_delivery_at": null, "delivered_at": null, "ready_for_delivery_at": null, "sent_out_at": null, "cancelled_at": null, "failed_at": null, "producer": 1, "customer": 1}}, {"model": "core.order", "pk": 2, "fields": {"status": "ready-for-shipping", "title": "Order for Patrice Chaula", "description": null, "created_at": "2023-12-18T20:59:06.438Z", "updated_at": "2023-12-18T21:35:21.284Z", "pending_at": "2023-12-18T20:59:06.438Z", "awaiting_delivery_at": null, "delivered_at": null, "ready_for_delivery_at": null, "sent_out_at": null, "cancelled_at": null, "failed_at": null, "producer": 2, "customer": 1}}, {"model": "core.order", "pk": 4, "fields": {"status": "pending", "title": "Order for Example User", "description": null, "created_at": "2023-12-19T07:18:21.303Z", "updated_at": "2023-12-19T07:18:21.303Z", "pending_at": "2023-12-19T07:18:21.302Z", "awaiting_delivery_at": null, "delivered_at": null, "ready_for_delivery_at": null, "sent_out_at": null, "cancelled_at": null, "failed_at": null, "producer": 9, "customer": 9}}, {"model": "core.order", "pk": 5, "fields": {"status": "pending", "title": "Order for Patrice Chaula", "description": null, "created_at": "2023-12-20T22:01:45.725Z", "updated_at": "2023-12-20T22:01:45.725Z", "pending_at": "2023-12-20T22:01:45.725Z", "awaiting_delivery_at": null, "delivered_at": null, "ready_for_delivery_at": null, "sent_out_at": null, "cancelled_at": null, "failed_at": null, "producer": 1, "customer": 1}}, {"model": "core.order", "pk": 6, "fields": {"status": "pending", "title": "Order for Patrice Chaula", "description": "Test order here we go", "created_at": "2023-12-22T18:06:14.821Z", "updated_at": "2023-12-22T18:06:14.821Z", "pending_at": "2023-12-22T18:06:14.821Z", "awaiting_delivery_at": null, "delivered_at": null, "ready_for_delivery_at": null, "sent_out_at": null, "cancelled_at": null, "failed_at": null, "producer": 1, "customer": 1}}, {"model": "core.order", "pk": 7, "fields": {"status": "delivered", "title": "Order for Patrice Chaula", "description": "Test create an order cool stuff", "created_at": "2023-12-22T18:13:41.387Z", "updated_at": "2023-12-22T18:26:53.844Z", "pending_at": "2023-12-22T18:13:41.387Z", "awaiting_delivery_at": null, "delivered_at": null, "ready_for_delivery_at": null, "sent_out_at": null, "cancelled_at": null, "failed_at": null, "producer": 1, "customer": 1}}, {"model": "core.order", "pk": 8, "fields": {"status": "pending", "title": "Order for Patrice Chaula", "description": "I need pigs", "created_at": "2024-06-26T21:08:29.707Z", "updated_at": "2024-06-26T21:08:29.707Z", "pending_at": "2024-06-26T21:08:29.707Z", "awaiting_delivery_at": null, "delivered_at": null, "ready_for_delivery_at": null, "sent_out_at": null, "cancelled_at": null, "failed_at": null, "producer": 1, "customer": 1}}, {"model": "core.order", "pk": 9, "fields": {"status": "pending", "title": "Order for Patrice Chaula", "description": "Test", "created_at": "2024-06-26T21:38:34.714Z", "updated_at": "2024-06-26T21:38:34.714Z", "pending_at": "2024-06-26T21:38:34.713Z", "awaiting_delivery_at": null, "delivered_at": null, "ready_for_delivery_at": null, "sent_out_at": null, "cancelled_at": null, "failed_at": null, "producer": 1, "customer": 1}}, {"model": "core.order", "pk": 10, "fields": {"status": "pending", "title": "Order for Patrice Chaula", "description": "I need 50 layers", "created_at": "2024-07-01T09:03:12.537Z", "updated_at": "2024-07-01T09:03:12.537Z", "pending_at": "2024-07-01T09:03:12.536Z", "awaiting_delivery_at": null, "delivered_at": null, "ready_for_delivery_at": null, "sent_out_at": null, "cancelled_at": null, "failed_at": null, "producer": 1, "customer": 1}}, {"model": "core.order", "pk": 11, "fields": {"status": "awaiting-delivery", "title": "Order for Patrice Chaula", "description": "Blah bllAAHA", "created_at": "2024-07-01T10:31:17.474Z", "updated_at": "2024-07-01T11:41:36.568Z", "pending_at": "2024-07-01T10:31:17.473Z", "awaiting_delivery_at": null, "delivered_at": null, "ready_for_delivery_at": null, "sent_out_at": null, "cancelled_at": null, "failed_at": null, "producer": 1, "customer": 1}}, {"model": "core.order", "pk": 12, "fields": {"status": "pending", "title": "Order for Patrice Chaula", "description": "I need pigs for my graduation celebration", "created_at": "2024-07-01T12:58:11.580Z", "updated_at": "2024-07-01T12:58:11.580Z", "pending_at": "2024-07-01T12:58:11.579Z", "awaiting_delivery_at": null, "delivered_at": null, "ready_for_delivery_at": null, "sent_out_at": null, "cancelled_at": null, "failed_at": null, "producer": 14, "customer": 14}}, {"model": "core.order", "pk": 13, "fields": {"status": "awaiting-delivery", "title": "Order for Patrice Chaula", "description": "I need pigs for my graduation celebration", "created_at": "2024-07-01T12:58:28.858Z", "updated_at": "2024-07-01T12:58:48.753Z", "pending_at": "2024-07-01T12:58:28.858Z", "awaiting_delivery_at": "2024-07-01T12:58:48.745Z", "delivered_at": null, "ready_for_delivery_at": null, "sent_out_at": null, "cancelled_at": null, "failed_at": null, "producer": 14, "customer": 14}}, {"model": "core.orderitem", "pk": 7, "fields": {"quantity": 50, "created_at": "2024-06-26T21:08:29.709Z", "updated_at": "2024-06-26T21:08:29.709Z", "product": 14, "order": 8}}, {"model": "core.orderitem", "pk": 8, "fields": {"quantity": 50, "created_at": "2024-06-26T21:38:34.715Z", "updated_at": "2024-06-26T21:38:34.715Z", "product": 12, "order": 9}}, {"model": "core.orderitem", "pk": 9, "fields": {"quantity": 50, "created_at": "2024-07-01T09:03:12.540Z", "updated_at": "2024-07-01T09:03:12.540Z", "product": 13, "order": 10}}, {"model": "core.orderitem", "pk": 10, "fields": {"quantity": 50, "created_at": "2024-07-01T10:31:17.475Z", "updated_at": "2024-07-01T10:31:17.475Z", "product": 14, "order": 11}}, {"model": "core.orderitem", "pk": 11, "fields": {"quantity": 50, "created_at": "2024-07-01T12:58:11.581Z", "updated_at": "2024-07-01T12:58:11.581Z", "product": 14, "order": 12}}, {"model": "core.orderitem", "pk": 12, "fields": {"quantity": 150, "created_at": "2024-07-01T12:58:28.859Z", "updated_at": "2024-07-01T12:58:28.859Z", "product": 14, "order": 13}}, {"model": "core.product", "pk": 12, "fields": {"name": "Broilers", "description": "Our broilers are raised in a clean, spacious, and humane environment. We ensure they have ample space to move and grow, contributing to their overall health and quality. Our farming practices adhere to the highest standards of animal welfare.", "price": "7.00", "image": "products/360_F_443132873_91SkscKmwLb8qmWePVctWHT0XUZj5b9T.jpg", "in_stock": 100, "created_at": "2024-06-26T20:32:58.894Z", "updated_at": "2024-06-26T20:41:31.296Z", "user": 2}}, {"model": "core.product", "pk": 13, "fields": {"name": "Layer Chicken", "description": "Are you looking to enhance your poultry farm with top-notch egg producers? Look no further! We are offering healthy, well-bred layer chickens that are perfect for your egg production needs. Our layer chickens are known for their consistent and high egg-laying capabilities. They start laying eggs at around 18-20 weeks and can produce up to 300 eggs per year.", "price": "10.00", "image": "products/Layer-Chicken.jpg", "in_stock": 200, "created_at": "2024-06-26T20:47:23.732Z", "updated_at": "2024-06-26T20:47:23.732Z", "user": 2}}, {"model": "core.product", "pk": 14, "fields": {"name": "Pigs", "description": "Our pigs are raised in a clean and spacious environment, ensuring they grow healthy and strong. We prioritize their nutrition and care to guarantee optimal health. Our pigs come from superior breeding lines known for their robustness, growth rate, and meat quality. They are bred for both commercial and small-scale farming needs.", "price": "30.00", "image": "products/pig_rs64z1V.png", "in_stock": 30, "created_at": "2024-06-26T20:56:50.629Z", "updated_at": "2024-06-26T21:20:17.297Z", "user": 2}}, {"model": "core.product", "pk": 15, "fields": {"name": "Grapes", "description": "Welcome to our vineyard, where quality meets flavor! We take pride in offering a wide variety of premium grapes, perfect for both table consumption and winemaking. Our grapes are renowned for their exceptional taste and juiciness. Grown in optimal soil and climate conditions, each grape bursts with natural sweetness and flavor.", "price": "5.00", "image": "products/10591103-blue-grapes-with-green-leaf-isolated-on-white-background.jpg", "in_stock": 10000, "created_at": "2024-06-26T21:00:29.612Z", "updated_at": "2024-06-26T21:00:29.612Z", "user": 2}}, {"model": "core.product", "pk": 16, "fields": {"name": "Dairy Cow", "description": "We have a herd of Holstein and Jersey cows, known for their exceptional milk production. Holsteins are recognized by their distinctive black and white markings and are renowned for their high milk yield. Jerseys, with their beautiful fawn-colored coats, produce rich, creamy milk with high butterfat content.", "price": "400.00", "image": "products/machinery.png", "in_stock": 11, "created_at": "2024-07-01T10:28:19.589Z", "updated_at": "2024-07-01T10:28:19.589Z", "user": 7}}, {"model": "core.productimage", "pk": 20, "fields": {"product": 12, "image": "products/istockphoto-1168704961-612x612.jpg", "created_at": "2024-06-26T20:41:31.298Z", "updated_at": "2024-06-26T20:41:31.298Z"}}, {"model": "core.productimage", "pk": 21, "fields": {"product": 12, "image": "products/chickens_20-_20white_20broilers_FDS_sansubba_iStock_Getty_20Images-172476350.webp", "created_at": "2024-06-26T20:41:31.304Z", "updated_at": "2024-06-26T20:41:31.304Z"}}, {"model": "core.productimage", "pk": 22, "fields": {"product": 12, "image": "products/Chickens.jpg", "created_at": "2024-06-26T20:41:31.306Z", "updated_at": "2024-06-26T20:41:31.306Z"}}, {"model": "core.productimage", "pk": 23, "fields": {"product": 13, "image": "products/pexels-photo-2255459.jpeg", "created_at": "2024-06-26T20:47:23.734Z", "updated_at": "2024-06-26T20:47:23.734Z"}}, {"model": "core.productimage", "pk": 24, "fields": {"product": 13, "image": "products/shutterstock_122934682.webp", "created_at": "2024-06-26T20:47:23.735Z", "updated_at": "2024-06-26T20:47:23.735Z"}}, {"model": "core.productimage", "pk": 25, "fields": {"product": 13, "image": "products/IMG_20190925_131507-scaled.jpg", "created_at": "2024-06-26T20:47:23.737Z", "updated_at": "2024-06-26T20:47:23.737Z"}}, {"model": "core.productimage", "pk": 26, "fields": {"product": 14, "image": "products/Pig_farm_Vampula_1.jpg", "created_at": "2024-06-26T20:56:50.641Z", "updated_at": "2024-06-26T20:56:50.641Z"}}, {"model": "core.productimage", "pk": 27, "fields": {"product": 14, "image": "products/Pig_farm_Vampula_9.jpg", "created_at": "2024-06-26T20:56:50.643Z", "updated_at": "2024-06-26T20:56:50.643Z"}}]